<?xml version="1.0" encoding="UTF-8"?>
<Invoice xmlns="urn:oasis:names:specification:ubl:schema:xsd:Invoice-2"
         xmlns:cac="urn:oasis:names:specification:ubl:schema:xsd:CommonAggregateComponents-2"
         xmlns:cbc="urn:oasis:names:specification:ubl:schema:xsd:CommonBasicComponents-2">
  <cbc:CustomizationID>TR1.2</cbc:CustomizationID>
  <cbc:ProfileID>EARSIVFATURA</cbc:ProfileID>
  <cbc:ID>EAR2026000000888</cbc:ID>
  <cbc:UUID>fedcba98-7654-3210-fedc-ba9876543210</cbc:UUID>
  <cbc:IssueDate>2026-01-13</cbc:IssueDate>
  <cbc:IssueTime>15:00:00</cbc:IssueTime>
  <cbc:InvoiceTypeCode>SATIS</cbc:InvoiceTypeCode>
  <cbc:DocumentCurrencyCode>TRY</cbc:DocumentCurrencyCode>
  
  <!-- Satıcı Bilgileri (Veriban Test Hesabı) -->
  <cac:AccountingSupplierParty>
    <cac:Party>
      <cac:PartyIdentification>
        <cbc:ID schemeID="VKN">9240481875</cbc:ID>
      </cac:PartyIdentification>
      <cac:PartyName>
        <cbc:Name>Veriban Elkt. Veri İşleme ve Saklama Hiz. A.Ş.</cbc:Name>
      </cac:PartyName>
      <cac:PostalAddress>
        <cbc:StreetName>Test Sokak No:1</cbc:StreetName>
        <cbc:CitySubdivisionName>Beşiktaş</cbc:CitySubdivisionName>
        <cbc:CityName>İstanbul</cbc:CityName>
        <cac:Country>
          <cbc:Name>Türkiye</cbc:Name>
        </cac:Country>
      </cac:PostalAddress>
      <cac:PartyTaxScheme>
        <cac:TaxScheme>
          <cbc:Name>Beşiktaş</cbc:Name>
        </cac:TaxScheme>
      </cac:PartyTaxScheme>
    </cac:Party>
  </cac:AccountingSupplierParty>
  
  <!-- Alıcı Bilgileri (Demir İnşaat - VKN ile, E-Fatura mükellefiyeti YOK) -->
  <cac:AccountingCustomerParty>
    <cac:Party>
      <cac:PartyIdentification>
        <cbc:ID schemeID="VKN">1234567899</cbc:ID>
      </cac:PartyIdentification>
      <cac:PartyName>
        <cbc:Name>Demir İnşaat Taahhüt Ltd. Şti.</cbc:Name>
      </cac:PartyName>
      <cac:PostalAddress>
        <cbc:StreetName>Sanayi Caddesi No:25</cbc:StreetName>
        <cbc:CitySubdivisionName>Kartal</cbc:CitySubdivisionName>
        <cbc:CityName>İstanbul</cbc:CityName>
        <cac:Country>
          <cbc:Name>Türkiye</cbc:Name>
        </cac:Country>
      </cac:PostalAddress>
    </cac:Party>
  </cac:AccountingCustomerParty>
  
  <!-- Vergi Toplamı -->
  <cac:TaxTotal>
    <cbc:TaxAmount currencyID="TRY">900.00</cbc:TaxAmount>
    <cac:TaxSubtotal>
      <cbc:TaxableAmount currencyID="TRY">5000.00</cbc:TaxableAmount>
      <cbc:TaxAmount currencyID="TRY">900.00</cbc:TaxAmount>
      <cbc:Percent>18</cbc:Percent>
      <cac:TaxCategory>
        <cac:TaxScheme>
          <cbc:Name>KDV</cbc:Name>
          <cbc:TaxTypeCode>0015</cbc:TaxTypeCode>
        </cac:TaxScheme>
      </cac:TaxCategory>
    </cac:TaxSubtotal>
  </cac:TaxTotal>
  
  <!-- Genel Toplamlar -->
  <cac:LegalMonetaryTotal>
    <cbc:LineExtensionAmount currencyID="TRY">5000.00</cbc:LineExtensionAmount>
    <cbc:TaxExclusiveAmount currencyID="TRY">5000.00</cbc:TaxExclusiveAmount>
    <cbc:TaxInclusiveAmount currencyID="TRY">5900.00</cbc:TaxInclusiveAmount>
    <cbc:PayableAmount currencyID="TRY">5900.00</cbc:PayableAmount>
  </cac:LegalMonetaryTotal>
  
  <!-- Fatura Satırları -->
  <cac:InvoiceLine>
    <cbc:ID>1</cbc:ID>
    <cbc:InvoicedQuantity unitCode="C62">10</cbc:InvoicedQuantity>
    <cbc:LineExtensionAmount currencyID="TRY">3000.00</cbc:LineExtensionAmount>
    <cac:Item>
      <cbc:Name>Demir Çubuk 12mm</cbc:Name>
    </cac:Item>
    <cac:Price>
      <cbc:PriceAmount currencyID="TRY">300.00</cbc:PriceAmount>
    </cac:Price>
    <cac:TaxTotal>
      <cbc:TaxAmount currencyID="TRY">540.00</cbc:TaxAmount>
      <cac:TaxSubtotal>
        <cbc:TaxableAmount currencyID="TRY">3000.00</cbc:TaxableAmount>
        <cbc:TaxAmount currencyID="TRY">540.00</cbc:TaxAmount>
        <cbc:Percent>18</cbc:Percent>
        <cac:TaxCategory>
          <cac:TaxScheme>
            <cbc:Name>KDV</cbc:Name>
            <cbc:TaxTypeCode>0015</cbc:TaxTypeCode>
          </cac:TaxScheme>
        </cac:TaxCategory>
      </cac:TaxSubtotal>
    </cac:TaxTotal>
  </cac:InvoiceLine>
  
  <cac:InvoiceLine>
    <cbc:ID>2</cbc:ID>
    <cbc:InvoicedQuantity unitCode="C62">5</cbc:InvoicedQuantity>
    <cbc:LineExtensionAmount currencyID="TRY">2000.00</cbc:LineExtensionAmount>
    <cac:Item>
      <cbc:Name>Çimento 50kg</cbc:Name>
    </cac:Item>
    <cac:Price>
      <cbc:PriceAmount currencyID="TRY">400.00</cbc:PriceAmount>
    </cac:Price>
    <cac:TaxTotal>
      <cbc:TaxAmount currencyID="TRY">360.00</cbc:TaxAmount>
      <cac:TaxSubtotal>
        <cbc:TaxableAmount currencyID="TRY">2000.00</cbc:TaxableAmount>
        <cbc:TaxAmount currencyID="TRY">360.00</cbc:TaxAmount>
        <cbc:Percent>18</cbc:Percent>
        <cac:TaxCategory>
          <cac:TaxScheme>
            <cbc:Name>KDV</cbc:Name>
            <cbc:TaxTypeCode>0015</cbc:TaxTypeCode>
          </cac:TaxScheme>
        </cac:TaxCategory>
      </cac:TaxSubtotal>
    </cac:TaxTotal>
  </cac:InvoiceLine>
</Invoice>
